{
  "thetas": {
    "Gryffindor": [
      [
        -3.1345262402655982
      ],
      [
        0.4689947162598271
      ],
      [
        -1.1835279500168574
      ],
      [
        0.7794428304248922
      ],
      [
        -0.09033432778597308
      ],
      [
        1.1357948723643452
      ],
      [
        -0.9850573177952084
      ],
      [
        -0.5036434783227396
      ],
      [
        1.381395143190357
      ]
    ],
    "Hufflepuff": [
      [
        -2.2647671806945695
      ],
      [
        2.0315974616922965
      ],
      [
        1.883985585769273
      ],
      [
        0.9817712319107543
      ],
      [
        -0.9822857590281047
      ],
      [
        -1.7614594786899196
      ],
      [
        0.7145054505664191
      ],
      [
        -0.30486244781408195
      ],
      [
        -0.6128076181174088
      ]
    ],
    "Ravenclaw": [
      [
        -2.407920816958366
      ],
      [
        -1.147063325650785
      ],
      [
        0.5729976344482685
      ],
      [
        0.10839552444703661
      ],
      [
        1.460203839951251
      ],
      [
        1.0068526440479173
      ],
      [
        0.06352231469550577
      ],
      [
        1.0869682463767416
      ],
      [
        -0.2348820885978286
      ]
    ],
    "Slytherin": [
      [
        -3.6867194967826147
      ],
      [
        -1.2996424642351054
      ],
      [
        -0.9065527964375224
      ],
      [
        -2.013535601347113
      ],
      [
        -0.5057465263010514
      ],
      [
        -0.5619719026431913
      ],
      [
        0.34856616295313786
      ],
      [
        -0.25893016747426184
      ],
      [
        -0.6255222634802058
      ]
    ]
  },
  "mean_features": {
    "Astronomy": 46.47644878930412,
    "Herbology": 1.189457433748071,
    "Divination": 3.2138305355715415,
    "Muggle Studies": -222.90366613760307,
    "Ancient Runes": 496.2514567879828,
    "History of Magic": 2.9785934977751447,
    "Charms": -243.3257226139089,
    "Flying": 23.109008792965593
  },
  "std_dev": {
    "Astronomy": 520.7378397588483,
    "Herbology": 5.221048988963303,
    "Divination": 4.109348155784129,
    "Muggle Studies": 484.79197196623926,
    "Ancient Runes": 106.66795169582072,
    "History of Magic": 4.455181302981813,
    "Charms": 8.786891416227862,
    "Flying": 97.71593824953197
  }
}